personID,name,phone,age
1234567,张3,18888888888,10
1234568,张4,18888888889,11
1234569,张5,18888888890,12
1234570,张6,18888888891,13
1234571,张7,18888888892,14
1234572,张8,18888888893,15
1234573,张9,18888888894,16
1234574,张10,18888888895,17
1234575,张11,18888888896,18
1234576,张12,18888888897,19
1234577,张13,18888888898,20
1234578,张14,18888888899,21
1234579,张15,18888888900,22
1234580,张16,18888888901,23
1234581,张17,18888888902,24
1234582,张18,18888888903,25
1234583,张19,18888888904,26
1234584,张20,18888888905,27
1234585,张21,18888888906,28
1234586,张22,18888888907,29
1234587,张23,18888888908,30
1234588,张24,18888888909,31
1234589,张25,18888888910,32
1234590,张26,18888888911,33
1234591,张27,18888888912,34
1234592,张28,18888888913,35
1234593,张29,18888888914,36
1234594,张30,18888888915,37
1234595,张31,18888888916,38
1234596,张32,18888888917,39
1234597,张33,18888888918,40
1234598,张34,18888888919,41
1234599,张35,18888888920,42
1234600,张36,18888888921,43
1234601,张37,18888888922,44
1234602,张38,18888888923,45
1234603,张39,18888888924,46
1234604,张40,18888888925,47
1234605,张41,18888888926,48
1234606,张42,18888888927,49
1234607,张43,18888888928,50
1234608,张44,18888888929,51
1234609,张45,18888888930,52
1234610,张46,18888888931,53
1234611,张47,18888888932,54
1234612,张48,18888888933,55
1234613,张49,18888888934,56
1234614,张50,18888888935,57
1234615,张51,18888888936,58
1234616,张52,18888888937,59
1234617,张53,18888888938,20
1234618,张54,18888888939,21
1234619,张55,18888888940,22
1234620,张56,18888888941,23
1234621,张57,18888888942,24
1234622,张58,18888888943,25
1234623,张59,18888888944,26
1234624,张60,18888888945,27
1234625,张61,18888888946,28
1234626,张62,18888888947,29
1234627,张63,18888888948,30
1234628,张64,18888888949,31
1234629,张65,18888888950,32
1234630,张66,18888888951,33
1234631,张67,18888888952,34
1234632,张68,18888888953,35
1234633,张69,18888888954,36
1234634,张70,18888888955,37
1234635,张71,18888888956,38
1234636,张72,18888888957,39
1234637,张73,18888888958,40
1234638,张74,18888888959,41
1234639,张75,18888888960,42
1234640,张76,18888888961,43
1234641,张77,18888888962,44
1234642,张78,18888888963,45
1234643,张79,18888888964,46
1234644,张80,18888888965,47
1234645,张81,18888888966,48
1234646,张82,18888888967,49
1234647,张83,18888888968,50
1234648,张84,18888888969,51
1234649,张85,18888888970,52
1234650,张86,18888888971,53
1234651,张87,18888888972,54
1234652,张88,18888888973,55
1234653,张89,18888888974,56
1234654,张90,18888888975,57
1234655,张91,18888888976,58
1234656,张92,18888888977,59
1234657,张93,18888888978,60
1234658,张94,18888888979,61
1234659,张95,18888888980,62
1234660,张96,18888888981,63
1234661,张97,18888888982,64
1234662,张98,18888888983,65
1234663,张99,18888888984,66
1234664,张100,18888888985,67
1234665,张101,18888888986,68
1234666,张102,18888888987,69
